Booking ID,Name,CNIC,Address,Phone No,Room Size,Room Type,Duration,Check in date,Check out date,Food
2,Hussain Raza ,45502-9889889-9,Sukkur Sindh Pakistan,03474763362,Single Bed,Lower Class,7 days,25-11-2025,02-12-2025,1500
4,Zeeshan Ahmed,46603-7667664-4,Sukkur Sindh Pakistan,03465447893,Single Bed,Elite Class,10 days,25-11-2025,05-12-2025,0
6,Zeeshan Ahmed,46603-7667664-6,Sukkur Sindh Pakistan,03465447894,Single Bed,Elite Class,10 days,25-11-2025,05-12-2025,0
7,Ali Raza ,45502-6776556-0,Sukkur Sindh Pakistan,03574337876,Single Bed,Middle Class,9 days,25-11-2025,04-12-2025,500
8,Imran Ali,45502-6765556-3,Sukkur Sindh Pakistan,03459889087,Single Bed,Elite Class,7 days,26-11-2025,03-12-2025,6000
9,Adnan Ahmed,45502-7667555-5,Sukkur Sindh Pakistan,03133691711,Single Bed,Elite Class,5 days,29-11-2025,04-12-2025,0
11,Tayyaba Ali,45502-6767776-6,Sukkur,03476556565,Single Bed,Elite Class,8 days,01-12-2025,09-12-2025,0
14,July Doe,45502-9090113-3,Sukkur Sindh Pakistan,03473228701,Single Bed,Elite Class,3 days,01-12-2025,04-12-2025,0
16,Haris Khan ,45502-7878778-3,Karachi Sindh Pakistan,03475665565,Double Bed,Elite Class,10 days,01-12-2025,11-12-2025,0
17,Usman ,45501-3799652-3,Pano Akil ,03262745880,Double Bed,Elite Class,3 days,02-12-2025,05-12-2025,0
20,Dua,45502-8989889-9,Sukkur Sind Pakistan,03475448890,Single Bed,Middle Class,8 days,02-12-2025,10-12-2025,0
21,Hussain,45502-6556665-9,Sukkur,03456556789,Single Bed,Middle Class,8 days,02-12-2025,10-12-2025,0
25,Hamza,45502-8998889-0,Sukkur Sindh Pakistan,03455445545,Single Bed,Lower Class,6 days,03-12-2025,09-12-2025,0
26,Nabi Deno,45502-6556774-8,Pano Akil,03458998340,Single Bed,Middle Class,3 days,03-12-2025,06-12-2025,0
27,Adil Hussain,45502-7656443-2,Sukkur Sindh Pakistan,03655678876,Single Bed,Middle Class,3 days,03-12-2025,06-12-2025,0
28,Sarfraz Ahmed,45503-9090113-3,Karachi Sindh Pakistan,03476556891,Single Bed,Lower Class,6 days,03-12-2025,09-12-2025,0
29,Abrar Ahmed,56697-8787867-7,Hyderabad Sindh Pakistan,03475445679,Single Bed,Middle Class,9 days,03-12-2025,12-12-2025,0
30,Abdul Samad,45503-8787776-6,Sukkur Sindh Pakistan,03546778980,Single Bed,Middle Class,2 days,03-12-2025,05-12-2025,0
31,Abdul Ahad,45560-6767667-7,Karachi Sindh Pakistan,03476559087,Single Bed,Middle Class,2 days,03-12-2025,05-12-2025,0
32,Ali Baba,45503-8767554-4,Sukkur Sindh Pakistan,03459880098,Single Bed,Lower Class,3 days,05-12-2025,08-12-2025,0
33,Haider,45502-9090445-5,Aviro Portugal,03458668789,Single Bed,Elite Class,10 days,08-12-2025,18-12-2025,0
34,Dua,45502-8778667-6,Sukkur Sindh,03457667890,Single Bed,Middle Class,9 days,13-12-2025,22-12-2025,0
35,Saad,45502-8765432-2,Sukkur Sindh Pakistan,03456787659,Single Bed,Elite Class,8 days,17-12-2025,25-12-2025,0
36,Saeed,45503-9090223-3,Sukkur Sindh Pakistan,03456543234,Single Bed,Elite Class,7 days,18-12-2025,25-12-2025,0
37,Shaheen ,45503-8787778-8,Lahore ,03456787650,Double Bed,Elite Class,10 days,26-12-2025,05-01-2026,0
38,Babar Azam,45502-7867335-3,Pendi,03456589908,Double Bed,Middle Class,7 days,26-12-2025,02-01-2026,0
43,Fahad Hussain,45502-7557990-8,Sukkur Sindh Pakistan,03474337890,Single Bed,Lower Class,1 day,05-01-2026,06-01-2026,0
46,Dr. Gazala Jumani,12234-7676778-7,Sukkur Sindh Pakistan,03671254456,Single Bed,Elite Class,9 days,07-01-2026,16-01-2026,0
47,Adnan Shaikh,45502-7690998-7,Sukkur,03456576789,Single Bed,Elite Class,9 days,07-01-2026,16-01-2026,0
48,Sarim Haider Noor,46703-9090220-0,Portugal Aviro,03900990090,Double Bed,Elite Class,10 days,07-01-2026,17-01-2026,0
51,Katerina,34405-5445667-7,India,03547689098,Single Bed,Elite Class,10 days,07-01-2026,17-01-2026,0
52,Salman Khan,56604-8754445-5,India,03457689098,Single Bed,Elite Class,10 days,07-01-2026,17-01-2026,0
